label,address_freeform,address_locality,address_region,address_postcode,address_country,phone,base_address_freeform,base_address_locality,base_address_region,base_address_postcode,base_address_country,base_phone,match_score,pred_label,llm_same_place,llm_confidence,llm_reason,llm_correct,baseline_correct
1.0,avenida carlos cano,los barrios,,11370,ES,34956621050.0,avenue carlos cano glorieta la montera,los barrios,cadiz,11370,ES,956621050.0,0.6555555555555556,1,1,0.8277777777777777,"Similarity score and prediction match, address components mostly match, and phone numbers are equivalent.",1,1
0.0,609 west maple avenue,springdale,ar,727645335,US,4797515711.0,609 west maple avenue,springdale,ar,72764,US,4797571000.0,0.7231157810375861,1,1,0.7231157810375861,Address components match and phone numbers are similar.,0,0
0.0,688 9th avenue,new york,ny,100363657,US,2127574555.0,445 west 45th street,new york,ny,100363502,US,2125814269.0,0.3826549940057846,0,0,0.1913274970028923,Cities and addresses do not match,1,1
0.0,401 east chestnut street unit 790,louisville,ky,40202,US,5025838303.0,401 east chestnut street unit 510,louisville,ky,40202,US,5025884800.0,0.6713094673154034,1,0,0.6713094673154034,Similar records but unit numbers differ,1,0
1.0,avenida capitao inacio prata sn,sao goncalo do amarante,ce,62670000,BR,,rua capitao inacio prata south north,,,62670000,BR,8533156140.0,0.6789174836831675,1,1,0.8,"Matching postcode, country and similar address, phone number in B supports same place.",1,1
1.0,825 east 1180 south,american fork,ut,840033918,US,8014205260.0,825 east 1180 south suite 300,american fork,ut,84003,US,8014205260.0,0.914717923362809,1,1,0.9573589616814046,Matching phone number and similar address components confirm same place.,1,1
0.0,,,,,TR,,,,,,TR,905335465340.0,0.1206249488931075,0,0,0.0,Insufficient address information and no matching phone number,1,1
0.0,calle milicias 4,logrono,,26003,ES,34941261490.0,parque del carmen 6,logrono,,26003,ES,34941244211.0,0.3682818083590775,0,0,0.3682818083590775,Different street names and phone numbers,1,1
1.0,alliance hospital vijay colony road near porwal paint house,,,444606,IN,917212993929.0,alliance hospital vijay colony road near porwal paint house rukhmini nagar,amravati,maharashtra,444606,IN,9209193400.0,0.7999999999999999,1,0,0.4,Address partially matches but city and phone differ,0,1
0.0,1100 west stewart drive,orange,ca,928683849,US,7147718033.0,1000 west la veta drive 1st floor,orange,ca,92868,US,7147346220.0,0.6675586894508643,1,0,0.3334413105491357,"Cities and street numbers differ, no strong supporting evidence",1,0
1.0,275 rainier avenue south,renton,wa,98057,US,8667332693.0,275 rainier avenue south,renton,wa,98057,US,8667332693.0,0.95,1,1,0.95,All address components and phone number match,1,1
1.0,4084 nc 42 highway west,garner,nc,275298424,US,9195535739.0,4084 north carolina 42,garner,nc,27529,US,9195535739.0,0.6712917881478934,1,1,0.85,Matching phone number and similar address components confirm same place.,1,1
1.0,133 bow valley trl,canmore,ab,T1W,CA,4036883400.0,133b 306 bow valley trail,canmore,ab,T1W0N2,CA,4036883400.0,0.6618233823578447,1,1,0.8,Matching phone number and similar address components confirm same place,1,1
0.0,160 north eagle creek drive,lexington,ky,405092121,US,8599675737.0,150 north eagle creek drive,lexington,ky,40509,US,8599675000.0,0.7733686076588489,1,0,0.38668430432942447,Similar but not matching address components and different phone numbers.,1,0
0.0,1 medical center boulevard 7th floor,winston salem,nc,27157,US,3367134500.0,1 medical center boulevard 7th floor,winston salem,nc,27157,US,3367162011.0,0.7923010652419931,1,1,0.7923010652419931,Address components match and phone numbers are similar,0,0
0.0,apollo children hospital no 15 shafee mohammed road thousand lights,chennai,tamil nadu,600006,IN,8605001066.0,apollo hospitals greams road no 21 greams lane off greams road,chennai,tamil nadu,600006,IN,8605001066.0,0.5308674998307756,0,1,0.7654337499153878,Matching phone number and similar address components confirm same place,0,1
1.0,501 north mt vernon avenue,san bernardino,ca,92411,US,9093841080.0,501 north mt vernon avenue,san bernardino,ca,92411,US,9093841080.0,1.0,1,1,1.0,All address components and phone number match,1,1
1.0,Dong Jing Du Zu Li Qu Qian Zhu 3Ding Mu 92,Zu Li Qu,,1200034,JP,81343765222.0,Qian Zhu 3 92 Bei Qian Zhu marui 5f,Zu Li Qu,Dong Jing Du,〒1208501,JP,343765222.0,0.5052337026518146,0,0,0.5052337026518146,Similar but differing address components and phone numbers,0,0
1.0,4141 north rockton avenue,rockford,il,61103,US,8153161500.0,4141 north rockton avenue,rockford,il,61103,US,8153161500.0,1.0,1,1,1.0,All address components and phone number match,1,1
1.0,203 jamestown boulevard,rogersville,mo,657426526,US,4175800291.0,203 jamestown boulevard unit c,rogersville,mo,65742,US,4178639455.0,0.6975,1,0,0.6975,Address components mostly match but phone numbers differ,0,1
1.0,4514 u south 2,havre,mt,59501,US,4064146076.0,4500 u south 2,havre,mt,59501,US,4062655428.0,0.650609061538858,1,0,0.650609061538858,"Street numbers differ, despite similar address and matching city, postcode, and country.",0,1
0.0,8296 old courthouse road,vienna,va,221823852,US,7038488889.0,8320 old courthouse road 130,vienna,va,22182,US,7033564900.0,0.6118474471270798,0,0,0.3059237235635394,Similar addresses but differing street numbers and phone numbers.,1,1
0.0,4 rue des cloutiers,brive la gaillarde,,19100,FR,33755630052.0,,,,,,33686422761.0,0.0,0,0,0.0,Insufficient matching address components and different phone numbers,1,1
1.0,720 boston tpke,shrewsbury,ma,015454166,US,8005118940.0,720 boston turnpike,shrewsbury,ma,01545,US,8005118940.0,0.977777777777778,1,1,0.988888888888889,"High similarity score, matching address components, and same phone number confirm same place.",1,1
1.0,11 martins lane,exeter,eng,EX11EY,GB,441392272040.0,1 3 martins lane,exeter,,EX11EY,GB,1392272040.0,0.72,1,1,0.86,"Matching postcode, city, country, and phone number support same place",1,1
1.0,1226 gardiner lane,louisville,ky,402131834,US,5024510595.0,1226 gardiner lane,louisville,ky,40213,US,5024510595.0,0.871009886931692,1,1,0.871009886931692,"Matching address, city, region, postcode, country, and phone number confirm same place.",1,1
1.0,2401 north 1 35 east,waxahachie,tx,75167,US,9729380444.0,2401 north 1 35 east,waxahachie,tx,75167,US,9729380444.0,0.8490885839401334,1,1,0.8490885839401334,All address components and phone number match.,1,1
1.0,ctra torroella l estartit km 4 3,l estartit,girona,17258,ES,639408590.0,center torroella a l estartit km 4 3,torroella de montgri,girona,17258,ES,639408590.0,0.9769230769230768,1,1,0.9769230769230768,Matching phone number and similar address with same postcode and region.,1,1
1.0,rua 5 de outubro 33c,cascais,,2775562,PT,351217241624.0,rua 5 de outubro 33 c east d,cascais,lisbon,2775562,PT,217241624.0,0.8250000000000001,1,1,0.9125,"Similarity score and prediction support same place, matching postcode, city, and country, with phone number partially matching.",1,1
0.0,1 3 grove road,heron cross,,ST43AY,GB,1782311966.0,hines street,,,ST43AT,GB,441782312671.0,0.3261079618360948,0,0,0.3261079618360948,City and address components differ,1,1
0.0,759 chestnut street,springfield,ma,01199,US,4137945600.0,759 chestnut street,springfield,ma,01199,US,4137945600.0,0.935219638087249,1,1,0.935219638087249,All address components and phone number match,0,0
0.0,1800 carl d silver parkway,fredericksburg,va,22401,US,5407862090.0,1800 carl d silver parkway,fredericksburg,va,22401,US,5405488095.0,0.7006942036068307,1,0,0.7006942036068307,Address components match but phone numbers differ,1,0
0.0,5925 east saylor street,lakeside marblehead,oh,434409599,US,4192315664.0,5925 east saylor street,lakeside marblehead,oh,43440,US,4197020589.0,0.6288881509285924,0,1,0.8288881509285924,Address components match and phone numbers are likely to be related.,0,1
0.0,12 srinagar street,,,700129,IN,,hormuz villa sodepur road,madhyamgram,west bengal,700129,IN,8001030123.0,0.2280972222222222,0,0,0.11404861111111111,Address components do not match and phone numbers differ,1,1
1.0,90 colesbourne road,cheltenham,,GL516DN,GB,1452538638.0,90 colesbourne road,cheltenham,gloucestershire,GL516DN,GB,1452538638.0,0.95089216014613,1,1,0.975446080073065,All address components match and phone numbers are equal.,1,1
1.0,6300 west parker road,plano,tx,750938100,US,9729817870.0,6300 west parker road 322,plano,tx,75093,US,9729817870.0,1.0,1,1,0.9,"Matching address, city, region, postcode, country, and phone number indicate same place.",1,1
1.0,37 silvester way,fleet,eng,GU520RG,GB,441252625464.0,37 silvester way church crookham,fleet,,GU520RG,GB,1252625464.0,0.676,1,1,0.8,Address components match and phone numbers are equivalent,1,1
1.0,8996 mike garcia drive,manassas,va,201095455,US,7036591369.0,8996 mike garcia drive,manassas,va,20109,US,7036591369.0,0.9975310344827586,1,1,0.9975310344827586,"Matching address, city, region, postcode, country, and phone number confirm the same place.",1,1
1.0,1006 south county road,toledo,ia,52342,US,6414848801.0,1006 south county road,toledo,ia,52342,US,6414845151.0,0.7080778744318442,1,1,0.7080778744318442,Address components match and phone numbers are likely to be similar,1,1
1.0,300 martin street,greenville,oh,453311804,US,9372030373.0,300 martin street,greenville,oh,45331,US,9372030373.0,0.95,1,1,0.97,"Matching address, city, region, country, and phone number.",1,1
1.0,172 east 12300 south,draper,ut,84020,US,8014953424.0,172 east 12300 south street,draper,ut,84020,US,8014953424.0,0.95,1,1,0.97,"Matching address, city, postcode, country, and phone number confirm same place.",1,1
1.0,266 south beverly drive,beverly hills,ca,902123805,US,3107347556.0,266 south beverly drive,beverly hills,ca,90212,US,3107347556.0,0.8798269028944289,1,1,0.9,"Matching address, city, region, country, and phone number.",1,1
1.0,6363 main street,zachary,la,707914084,US,2256588510.0,6363 main street suite east,zachary,la,70791,US,2256588510.0,0.8536207315747014,1,1,0.9,"Matching address, city, postcode, country, and phone number indicate the same place.",1,1
1.0,2811 warners road,warners,ny,13164,US,3156723398.0,2811 warners road,warners,ny,13164,US,3156723398.0,1.0,1,1,1.0,All address components and phone number match,1,1
1.0,18 bull temple road,bengaluru,ka,560004,IN,918147090194.0,17 bull temple road basavanagudi,bengaluru,karnataka,560004,IN,8147090194.0,0.6444401212353268,1,0,0.6444401212353268,Similar but differing street numbers and addresses suggest different places,0,1
1.0,11756 borman drive,street louis,mo,631464127,US,3144735141.0,11756 borman drive,saint louis,mo,63146,US,3144735141.0,0.9625,1,1,0.98125,"Matching address, city variants, postcode, country, and phone number indicate same place.",1,1
1.0,1060 woods mill road,chesterfield,mo,63017,US,6362272770.0,1060 woods mill road,chesterfield,mo,63017,US,6362272770.0,0.95,1,1,0.95,All address components and phone number match,1,1
1.0,via cenisio 61,milano,25,20154,IT,390233603122.0,via cenisio 61,milano,mi,20154,IT,233603122.0,0.6634564317242835,1,1,0.831728215862142,Matching address and phone number support same place,1,1
0.0,1530 east williams field road suite 206 210,gilbert,az,85295,US,,1530 east williams field road,gilbert,az,85295,US,3039970775.0,0.7777394295574181,1,1,0.888869214778709,"Similarity score and prediction match, most address components match, and phone numbers are not unequal.",0,0
0.0,5435 sugarloaf parkway,lawrenceville,ga,300435700,US,6785481918.0,5425 sugarloaf parkway suite 1103,lawrenceville,ga,30043,US,4702826178.0,0.7663905240063409,1,0,0.7663905240063409,Similar but not matching address components and different phone numbers.,1,0
1.0,113 west chestnut street,jeffersonville,in,47130,US,8122807772.0,113 west chestnut street,jeffersonville,in,47130,US,8122807772.0,1.0,1,1,1.0,All address components and phone number match,1,1
1.0,1113 lake murray boulevard,irmo,sc,29063,US,8037697313.0,1113 lake murray boulevard,irmo,sc,29063,US,8037697313.0,0.95,1,1,0.95,All address components and phone number match,1,1
1.0,2518 north military avenue,oklahoma city,ok,731065665,US,4055211902.0,2518 north military avenue 101,oklahoma city,ok,73106,US,4055211902.0,0.9,1,1,0.95,Matching phone number and similar address components confirm same place,1,1
1.0,25 pho nguyen hoang,quan nam tu liem,,12014,VN,84968964286.0,25 pho nguyen hoang,quan nam tu liem,,12014,VN,8419007334.0,0.6469754001880271,1,1,0.8,Address components match and phone numbers are likely equivalent (despite different formats),1,1
1.0,420 east macdade boulevard,folsom,pa,19033,US,8447475435.0,420 macdade boulevard,folsom,pa,19033,US,8447475435.0,0.8684570952110651,1,1,0.8684570952110651,"Matching address components, phone number, and high similarity score indicate same place.",1,1
0.0,7600 east orchard road,greenwood village,,801112476,US,3034880475.0,7600 east orchard road suite 300n,greenwood vilge,,80111,US,,0.6565055538112883,1,0,0.6565055538112883,Cities do not match exactly.,1,0
1.0,30825 ryan road,warren,mi,48092,US,5867512900.0,30825 ryan road,warren,mi,48092,US,5867512900.0,0.9381679034077396,1,1,0.9381679034077396,All address components and phone number match.,1,1
1.0,2110 south reserve street,missoula,mt,59801,US,4065490094.0,2110 south reserve street,missoula,mt,59801,US,4065490094.0,0.95,1,1,0.95,All address components and phone number match,1,1
1.0,miskolctapolcai ut 25,miskolc,,3518,HU,3646561561.0,miskolctapolcai ut 25 27,miskolc,borsod abauj zemplen,3519,HU,646561561.0,0.7,1,0,0.4,"Address and postcode differ, phone numbers do not match.",0,1
1.0,6749 ogden avenue,berwyn,il,604023604,US,7084849060.0,6749 ogden avenue,berwyn,il,60402,US,7084849060.0,0.95,1,1,0.975,"Matching address, city, region, country, and phone number; postcode differs slightly but is likely a formatting variation.",1,1
0.0,1515 harrison avenue northwest,olympia,wa,985025352,US,3604366313.0,1722 harrison avenue northwest,olympia,wa,985025200,US,3602800509.0,0.587109531194911,0,0,0.587109531194911,Address components do not match,1,1
1.0,811 collins boulevard,covington,la,70433,US,9858984964.0,811 collins boulevard,covington,la,70433,US,9858984964.0,0.95,1,1,0.95,All address components and phone number match,1,1
0.0,249 john street,south amboy,nj,088791796,US,7327441749.0,140 broadway north,south amboy,nj,088791642,US,7325255924.0,0.3861249385373779,0,0,0.19306246926868895,Address components do not match,1,1
1.0,richardson road corder drive,,,2570,AU,61435914137.0,richardson road corder drive,spring farm,new south wales,2570,AU,435914137.0,0.7901435839881494,1,1,0.9,Address components match and phone numbers are likely equal.,1,1
0.0,rua duque de caxias 389,barra mansa,rj,27345010,BR,5524992941319.0,avenida joaquim leite 509,barra mansa,rj,27345390,BR,552433239163.0,0.3720848307292602,0,0,0.3720848307292602,Address components do not match,1,1
1.0,805 north main street,celina,oh,45822,US,5675105908.0,805 north main street,celina,oh,45822,US,5675105908.0,1.0,1,1,1.0,All address components and phone number match,1,1
1.0,6106 gunn highway,tampa,floor,33625,US,8139624420.0,6106 gunn highway,tampa,floor,33625,US,8139624420.0,1.0,1,1,1.0,All address components and phone number match,1,1
0.0,8800 rosedale highway,bakersfield,ca,93312,US,6618294641.0,8800 rosedale highway next to home depot walmart,bakersfield,ca,93312,US,6618294653.0,0.699313487719877,1,1,0.849653743859898,Address components match and phone numbers are likely equal,0,0
0.0,hamam sokak 1,luleburgaz,,39750,TR,902884125378.0,dere mah,,,39750,TR,,0.2412803143822657,0,0,0.2412803143822657,"Address components do not match, city and phone number are different",1,1
0.0,8000 five mile road suite 305,cincinnati,oh,45255,US,5132323500.0,7500 state road,cincinnati,oh,45255,US,5136244500.0,0.5091576969516534,0,0,0.5091576969516534,Address components do not match,1,1
1.0,1218 troy schenectady road,latham,ny,12110,US,5187858800.0,1218 troy schenectady road,latham,ny,12110,US,5185811200.0,0.6,0,0,0.6,Address components match but phone numbers differ,0,0
1.0,nelblingstrasse 13,wurmlingen,bw,78573,DE,4974611718009.0,nelblingstr 13,wurmlingen,baden wurttemberg,78573,DE,,0.6673913043478261,1,1,0.833695652173913,"Similarity score and prediction support same place, address components match except for minor street name variation.",1,1
1.0,london road,dorchester,,DT11NE,GB,441305266066.0,london road,dorchester,dorset,DT11NE,GB,1305555700.0,0.6388247485117606,1,1,0.8194123742563806,Address components match and phone numbers are likely equivalent.,1,1
1.0,1766 palo verde avenue,east palo alto,ca,96303,US,4089844462.0,1766 palo verde avenue,east palo alto,ca,96303,US,4089844462.0,1.0,1,1,1.0,All address components and phone number match exactly.,1,1
1.0,69005 main street,blountsville,al,35031,US,2054293351.0,69005 main street,blountsville,al,35031,US,2054293351.0,0.95,1,1,0.95,All address components and phone number match,1,1
1.0,13321 north meridian avenue,oklahoma city,ok,731208315,US,8667352038.0,13321 north meridian avenue suite 110,oklahoma city,ok,73120,US,8669212392.0,0.7475,1,0,0.37375,Similar address but different phone numbers and postcode,0,1
1.0,5980 cattleridge boulevard,sarasota,floor,34232,US,9413792729.0,5980 cattleridge boulevard,sarasota,floor,34232,US,9413792729.0,0.7999999999999999,1,1,0.7999999999999999,All address components and phone number match,1,1
0.0,calle morelos 805,guadalajara,,44100,MX,523344444859.0,calle camarena 141,guadalajara,,44160,MX,523339159117.0,0.551548763038665,0,0,0.2757743815193325,Different street numbers and postcodes,1,1
1.0,413 pulaski highway,joppa,md,210853610,US,4106791000.0,413 pulaski highway,joppa,md,21085,US,4106791064.0,0.8272789179981882,1,1,0.8272789179981882,Address components match and phone numbers are similar,1,1
1.0,36 high street,sutton,eng,SM11HF,GB,442087703560.0,36 high street,sutton,,SM11HF,GB,2087703560.0,0.85,1,1,0.925,Matching address and phone number supports same place,1,1
0.0,59 babbacombe downs road,torquay,eng,TQ13LP,GB,441803316200.0,33 35 babbacombe downs road,torquay,eng,TQ13,GB,447391122365.0,0.4834955108987638,0,0,0.2417477554493819,"Address components do not match, phone numbers differ",1,1
1.0,820 northeast park street,okeechobee,floor,34972,US,8638246101.0,820 northeast park street,okeechobee,floor,34972,US,8638246101.0,0.95,1,1,0.95,All address components and phone number match,1,1
1.0,201 abraham flexner way suite 102,louisville,ky,40202,US,5025608300.0,201 abraham flexner way suite 102,louisville,ky,40202,US,5025608300.0,0.9259517868183345,1,1,0.9259517868183345,All address components and phone number match,1,1
1.0,1404 lawrenceville suwanee road,lawrenceville,ga,300434343,US,7709627333.0,1404 lawrenceville suwanee road suite 104,lawrenceville,ga,30043,US,7709627333.0,0.920038441807712,1,1,0.96,"Matching address, city, region, postcode, country, and phone number indicate the same place.",1,1
0.0,300 9th avenue,beaver falls,pa,15010,US,7248461440.0,300 9th avenue,beaver falls,pa,15010,US,7248431000.0,0.6289152033561846,0,1,0.9289152033561846,Address components match and phone numbers are similar,0,1
1.0,366 field street,greenville,sc,296013562,US,8559729090.0,366 field street,greenville,sc,29601,US,8559729090.0,0.8773209523368751,1,1,0.9,"Matching address, city, region, postcode, country, and phone number.",1,1
0.0,1220 tasman drive,sunnyvale,ca,940892400,US,4089620506.0,1257 tasman drive,sunnyvale,ca,940892250,US,,0.6054190189764818,0,0,0.30270950948824,Similar addresses but different street numbers and postcodes,1,1
1.0,piazza vittorio emanuele ii 9,belluno,34,32100,IT,39043725271.0,piazza vittorio emanuele ii 12,belluno,bl,32100,IT,43725271.0,0.55,0,0,0.55,Address components mostly match but street number differs,0,0
1.0,14200 1st avenue south,burien,wa,981683430,US,2063600444.0,14200 1st avenue south suite b,burien,wa,98168,US,2063600444.0,0.8866619495658595,1,1,0.9,Matching phone number and similar address components confirm same place,1,1
1.0,38 fore street,torquay,eng,TQ14LX,GB,441803494001.0,38 fore street street marychurch,torquay,,TQ14LX,GB,1803494001.0,0.7285714285714286,1,1,0.9,"Matching address components, postcode, country, and similar phone numbers support same place",1,1
1.0,1766 palo verde avenue,east palo alto,ca,96303,US,4089844462.0,1766 palo verde avenue,east palo alto,ca,96303,US,4089844462.0,0.95,1,1,0.95,All address components and phone number match,1,1
1.0,1st floor muthu complex no 3 117 gst main road,,,625006,IN,918929113279.0,no 3 117 1st floor muthu complex gst road thiru nagar,madurai,tamil nadu,625006,IN,8001036369.0,0.6799999999999999,1,0,0.64,Similar address components but city and phone numbers differ,0,1
0.0,3rd floor rajapushpa business center kondapur,hyderabad,telangana,500084,IN,6194420600.0,3rd floor rajapushpa business center kondapur,hyderabad,telangana,500084,IN,6194420600.0,0.8958650793650794,1,1,0.8958650793650794,All address components and phone number match,0,0
1.0,pye cor,,,BS161SE,GB,441454776098.0,pye corner,bristol,,BS161SE,GB,1454776098.0,0.7738461538461539,1,1,0.9,"Matching postcode, country, and similar address; supported by similar phone numbers.",1,1
1.0,4751 southwest 42nd terrace,fort lauderdale,floor,33314,US,9543470374.0,4751 southwest 42nd terrace,fort lauderdale,floor,33314,US,9547194532.0,0.6545525942294375,1,0,0.6545525942294375,Matching address but different phone numbers,0,1
1.0,seoulsi yongsangu ceongparo49gil 99,yongsan district,,04312,KR,220777052.0,ceongpadong2ga 53 12,,,,KR,220777755.0,0.3008376623376623,0,0,0.3008376623376623,"Similarity score and prediction indicate low confidence, address components do not match.",0,0
1.0,kaltenkirchener siedlung 3,putlitz,,16949,DE,493022005500.0,kaltenkirchener siedlung 3,putlitz,brandenburg,16949,DE,3022005500.0,0.79689216014613,1,1,0.9,"Matching address, city, postcode, and country; phone numbers match after normalization.",1,1
1.0,westbahnstrasse 55,street valentin,lower austria,4300,AT,7435581930.0,westbahnstrasse 55,sankt valentin,lower austria,4300,AT,7435581930.0,0.9510382248017828,1,1,0.9755191124007914,"Matching address, city variations, phone number, and high similarity score indicate same place.",1,1
0.0,12623 eckel junction road suite 2600 entrance c,perrysburg,oh,43551,US,4198858449.0,12623 eckel junction road,perrysburg,oh,43551,US,5673681000.0,0.6850108793485655,1,0,0.6850108793485655,Address components mostly match but phone numbers differ,1,0
1.0,600 east army post road,des moines,ia,503155931,US,5156509354.0,600 east army post road,des moines,ia,50315,US,5156509354.0,0.9,1,1,0.95,"Matching address, city, region, country, and phone number with similar postcode.",1,1
0.0,310 east 75th street,new york,ny,100210127,US,6463421251.0,342 east 77th street,new york,ny,100752401,US,2125979555.0,0.5950287397641196,0,0,0.5950287397641196,Address components do not match,1,1
0.0,6550 fannin street,houston,tx,770302701,US,7134411100.0,6560 fannin street scurlock suite 1950,houston,tx,77030,US,7134414280.0,0.6408323573820246,1,0,0.5,Street numbers and phone numbers differ,1,0
0.0,attundavagen 1,taby,,18334,SE,4687584814.0,akerbyvagen 4,taby,,18334,SE,850382760.0,0.4675911838559754,0,0,0.2337955919277377,"Cities and postcodes match, but street numbers and names differ, and phone numbers are not equal.",1,1
1.0,1601 north 32nd street,muskogee,ok,744012248,US,9189105253.0,1601 north 32nd street,muskogee,ok,74401,US,9189105253.0,0.87339216014613,1,1,0.936696080073065,"Matching address, city, region, postcode, country, and phone number confirm same place.",1,1
1.0,5909 breckenridge parkway,tampa,floor,336104237,US,8133591293.0,5909 breckenridge parkway suite g,tampa,floor,33610,US,8133591293.0,0.8975000000000001,1,1,0.8975,Matching phone number and similar address components confirm same place,1,1
1.0,7230 west north avenue,elmwood park,il,60707,US,7083955880.0,7230 west north avenue,elmwood park,il,60707,US,7083955880.0,1.0,1,1,1.0,All address components and phone number match,1,1
0.0,office first floor center point plaza 57 58 mini river view commercial phase 7 bahria town rawalpindi,islamabad,,44000,PK,923366667333.0,office no 101 1st floor plot no 12 malik heights midway commercial main bahria expressway phase 7 rawalpindi,rawalpindi,,46000,PK,923005123279.0,0.4836248844764704,0,0,0.2418124422382352,"Cities and street numbers differ, despite some similarity in address.",1,1
1.0,320 high tide drive suite 101,street augustine beach,floor,32080,US,9046082936.0,320 high tide drive 101,saint augustine,floor,32080,US,9048252351.0,0.8210294117647058,1,0,0.8210294117647058,City and phone number differences indicate different places.,0,1
1.0,84 bosco nagar opp kirstujyothi colleget c playa main road bangalore 560036,bangalore,karnataka,560036,IN,9877037733.0,shop no 20 near anugrah hospital next to ak food super market govinda chetty palya electroniccit 560099,bangalore,karnataka,560099,IN,9877037733.0,0.6031914893617022,0,0,0.3015957446808511,Different street and postcode despite matching phone number and city,0,0
0.0,370 main street,winkler,mb,R6W4B2,CA,2043259595.0,555 north railway avenue,winkler,mb,R6W,CA,2043258777.0,0.3284771893879863,0,0,0.16473859469399316,Cities match but street numbers and phone numbers differ,1,1
1.0,ladau 273,krumbach,,6942,AT,4355138640.0,ladau 273,krumbach,,6942,AT,55138640.0,0.75,1,1,0.875,Matching address and phone number similarity supports same place.,1,1
0.0,cherating river,kampong cherating,,,MY,60132152708.0,lot 367 kampong cherating lama,kampong baharu cherating,,26080,MY,6095819248.0,0.4312731637151542,0,0,0.2156365823576771,"Cities and address differ, no phone match",1,1
1.0,lushes bungalpw,sturminster newton,,DT101HD,GB,8002980079.0,lushes bungalow,sturminster newton,,DT101HD,GB,7527113664.0,0.7572427922954239,1,0,0.7572427922954239,"Similarity in address and location, but phone numbers differ",0,1
0.0,3rd floor rajapushpa business center kondapur,hyderabad,telangana,500084,IN,4048687888.0,3rd floor rajapushpa business center kondapur,hyderabad,telangana,500084,IN,6194420600.0,0.7458650793650794,1,0,0.7458650793650794,"Phone numbers do not match, despite identical address components.",1,0
1.0,200 west i65 service road south,mobile,al,36608,US,2513437101.0,200 west i65 service road south,mobile,al,36608,US,2513437101.0,1.0,1,1,1.0,All address components and phone number match,1,1
1.0,3105 grand avenue,ames,ia,50010,US,5152331736.0,3015 grand avenue,ames,ia,50010,US,5152331345.0,0.6699999999999999,1,0,0.33499999999999996,Similar records but street numbers differ,0,1
1.0,849 via del castello street,henderson,nv,89011,US,7029035137.0,849 via del castello,henderson,nv,89011,US,7029035137.0,0.7999999999999999,1,1,0.7999999999999999,All address components and phone number match,1,1
1.0,3200 handley ederville road,richland hills,tx,761185813,US,8179212222.0,3200 handley ederville road,richland hills,tx,76118,US,8179212222.0,0.85,1,1,0.925,"Matching address, city, region, country, and phone number; postcode partially matches.",1,1
0.0,60 railroad place,saratoga springs,ny,128663007,US,5185841531.0,497 broadway,saratoga springs,ny,12866,US,5185841775.0,0.4129016362196256,0,0,0.4129016362196256,"City and region match, but street number and address differ",1,1
0.0,3400 55th street northwest,rochester,mn,559010123,US,5072808270.0,3400 55th street northwest,rochester,mn,55901,US,5072808270.0,0.8506942036068307,1,1,0.9253471018034154,"Matching address, city, region, postcode, country, and phone number confirm same place.",0,0
1.0,11001 north port washington road,mequon,wi,53092,US,2622418800.0,11001 north port washington road,mequon,wi,53092,US,2622418800.0,0.95,1,1,0.95,All address components and phone number match,1,1
1.0,100 bluewater parkway,,,DA99ST,GB,442080545400.0,bluewater bluewater parkway,greenhithe,,DA99ST,GB,2045126671.0,0.3999999999999999,0,0,0.4,Address and phone number do not match,0,0
0.0,157 atlantis boulevard,atlantis,floor,334621155,US,5619688627.0,180 john f kennedy drive suite 250,atlantis,floor,33462,US,5619358000.0,0.5127121435786042,0,0,0.256,Different street numbers and addresses,1,1
1.0,6320 capital boulevard,raleigh,nc,276162959,US,8552497667.0,6320 capital boulevard,raleigh,nc,27616,US,9199177030.0,0.6596062973602672,1,0,0.6596062973602672,Address components match but phone numbers differ,0,1
0.0,91 candleriggs,glasgow,sct,G11,GB,441414064562.0,merchant square 71 albion street,glasgow,sct,G11,GB,1415523400.0,0.3730352887706687,0,0,0.1865176443853344,Address components do not match,1,1
1.0,24202 cinco ranch boulevard,katy,tx,774942986,US,2813925444.0,24202 cinco ranch boulevard,katy,tx,77494,US,2813925444.0,0.8748755566536505,1,1,0.8748755566536505,"Matching address, city, region, country, and phone number indicate the same place.",1,1
1.0,5357 west court street,monee,il,60449,US,7085343825.0,5357 west court street,monee,il,60449,US,7085343825.0,0.95,1,1,0.95,All address components and phone number match,1,1
0.0,7823 spivey station boulevard,jonesboro,ga,30236,US,6783644444.0,7823 spivey station boulevard,jonesboro,ga,30236,US,8332759355.0,0.4999999999999999,0,0,0.5,"All address components match, but phone numbers differ.",1,1
0.0,porlammintie 1,loviisa,southern finland,07810,FI,20080100.0,porlammintie 1,ingermaninkyla,uusimaa,07810,FI,20080100.0,0.7383671529848858,1,0,0.7383671529848858,"Cities differ, despite matching address and phone number.",1,0
0.0,91 elliot street,brock,on,L0E,CA,6139226984.0,95 elliot street,brock,on,L0E,CA,7054322582.0,0.6064029661586123,0,0,0.6064029661586123,Similar addresses but different street numbers and phone numbers.,1,1
0.0,5950 university avenue,west des moines,ia,50266,US,5158759000.0,5950 university avenue,west des moines,ia,50266,US,5158759766.0,0.6764957514235894,1,1,0.6764957514235894,Address components match and phone numbers are likely equal with a minor difference possibly due to formatting or rounding.,0,0
1.0,1201 highway 70 west,newton,nc,28658,US,8284647045.0,1201 highway 70 west,newton,nc,28658,US,8284647045.0,0.962373978327948,1,1,0.962373978327948,All address components and phone number match.,1,1
0.0,677 church street northeast,marietta,ga,30060,US,7707939300.0,677 church street northeast,marietta,ga,30060,US,7707935000.0,0.6852552722998377,1,1,0.6852552722998377,Address components match and phone numbers are similar.,0,0
0.0,avenida insurgentes sur 1855,alvaro obregon,cmx,01020,MX,525632512859.0,pachuca,mexico city,,11230,MX,525538871344.0,0.381625078762098,0,0,0.190812539381049,"Cities and addresses differ, no match",1,1
1.0,9 amy croft drive,tecumseh,on,N8N2L9,CA,5199967335.0,9 amy croft drive,windsor,on,N8N2L9,CA,5199967335.0,0.9269002015799586,1,0,0.9269002015799586,"Cities differ, despite matching address, postcode, country, and phone number.",0,1
0.0,1414 mission street,south pasadena,ca,910303214,US,6264037220.0,800 foothill boulevard,la canada flintridge,ca,910113336,US,6267926397.0,0.3029809021646436,0,0,0.1514904510823218,"Records have different addresses, cities, and phone numbers.",1,1
1.0,2999 northeast 191st street ph6,miami,floor,33180,US,3053402191.0,2999 northeast 191st street ph 6,miami,floor,33180,US,3053402191.0,0.996,1,1,0.996,All address components and phone number match.,1,1
1.0,11111 florence avenue downey ca,downey,ca,90241,US,5624454838.0,11111 florence avenue,downey,ca,90241,US,5624454838.0,1.0,1,1,0.9,"Matching address, city, postcode, country, and phone number indicate the same place.",1,1
0.0,307 park avenue,,,80829,US,7196854407.0,727 manitou avenue,manitou springs,,808291809,US,7196850220.0,0.3951240068110763,0,0,0.3951240068110763,Address components do not match,1,1
1.0,11107 violeta street,ventura,ca,930041913,US,8059836400.0,11107 violeta street,ventura,ca,93004,US,8059836400.0,0.9,1,1,0.95,"Matching address, city, phone number, and similar postcode.",1,1
1.0,2314 bloor street west,toronto,on,M6S1P2,CA,4169009294.0,2314 bloor street west,toronto,on,M6S1P2,CA,4169009294.0,0.95,1,1,0.95,All address components and phone number match,1,1
1.0,,huizhou,,,CN,,Xi Hu,huizhou,,,CN,,0.6391698270890973,1,0,0.6391698270890973,"Cities match, but address components are partially missing and do not fully match.",0,1
0.0,54423 village center drive,idyllwild,ca,92549,US,9516590163.0,54391 village center drive suite 6,idyllwild,ca,92549,US,9516592135.0,0.5932962239139568,0,0,0.5932962239139568,Similar but not matching address components and different phone numbers,1,1
1.0,1000 trancas street,napa,ca,94558,US,7072524411.0,1000 trancas street,napa,ca,94558,US,7072524411.0,1.0,1,1,1.0,All address components and phone number match,1,1
0.0,201 erie street,grove city,pa,16127,US,7244588044.0,236 blair street,grove city,pa,161271502,US,7244500343.0,0.5704263674835057,0,0,0.285,Addresses and phone numbers do not match,1,1
1.0,51 smart avenue,yonkers,ny,107041150,US,9143753009.0,51 smart avenue suite 200,yonkers,ny,10704,US,9143753009.0,0.8975000000000001,1,1,0.8975,Matching phone number and similar address components confirm same place,1,1
1.0,3701 mckinley parkway suite 1066,blasdell,ny,14219,US,7168276985.0,3701 mckinley parkway,buffalo,ny,14219,US,7168231787.0,0.6453260869565216,1,0,0.3226630434782609,"Cities differ, indicating different places.",0,1
1.0,15133 hall road,shelby twp,mi,483156207,US,5862474992.0,15133 hall road,shelby township,mi,48315,US,5862474992.0,0.6714285714285714,1,1,0.8357142857,"Matching address, city, phone number, and similar postcode",1,1
0.0,avenida juiz marco tulio isaac 1119,betim,mg,32604345,BR,553132682168.0,avenue arthur da silva bernardes 215 inga,betim,mg,32604475,BR,3135958588.0,0.2822352941176471,0,0,0.2822352941176471,"Similarity score and prediction indicate different places, confirmed by differing address components.",1,1
0.0,8310 wilkens boulevard,mason,oh,450407364,US,5137709824.0,8310 wilkens boulevard,mason,oh,45040,US,5132340660.0,0.5992496392496391,0,1,0.5992496392496391,Address components match and phone numbers are likely to be related,0,1
1.0,20052 brooks street,dunnellon,floor,344328344,US,3525335234.0,20052 brooks street,dunnellon,floor,34432,US,3525335234.0,0.8755394862909541,1,1,0.8755394862909541,"Matching address, city, postcode, country, and phone number confirm same place.",1,1
1.0,11294 us 70 business highway west,clayton,nc,27520,US,9195508487.0,11928 us highway 70 west,clayton,nc,27520,US,9195508487.0,0.92,1,1,0.96,"Matching phone number and similar address with same city, postcode, and country.",1,1
0.0,rua do barranco 70,lagoa,,8400508,PT,,r do barranco nr 50,,,8400508,PT,351282041985.0,0.4385273522627321,0,0,0.4385273522627321,Similar addresses but city and street number differ,1,1
1.0,571 bronson avenue,ottawa,on,K1R6K2,CA,6132355181.0,571 bronson avenue,ottawa,on,K1R7R7,CA,6132355181.0,0.970967741935484,1,1,0.9854838709677419,"Matching address, city, country, and phone number support same place.",1,1
0.0,125 church street,pembroke,ma,02359,US,7818266179.0,125 church street,pembroke,ma,02359,US,7818266179.0,0.9197856142310668,1,1,0.9197856142310668,All address components and phone number match.,0,0
0.0,12960 middlebrook road suite 520 a,germantown,md,20874,US,3015158153.0,12960 middlebrook road suite 520 a,germantown,md,20874,US,3015158153.0,0.8452367156841253,1,1,0.8452367156841253,All address components and phone number match,0,0
0.0,200 seneca street,bloomfield,mo,638259600,US,5735683626.0,400 north prairie street,bloomfield,mo,638259570,US,5735683464.0,0.4338168904290564,0,0,0.4338168904290564,Cities match but street numbers and phone numbers differ.,1,1
1.0,439 west coliseum boulevard,fort wayne,in,468051010,US,2604713144.0,439 west coliseum boulevard,fort wayne,in,46805,US,2604713144.0,0.7,1,1,0.85,Address and phone number match,1,1
1.0,ulica fabryczna 2,lublin,06,20301,PL,48814450505.0,fabryczna 2,lublin,woj lubelskie,20301,PL,814450505.0,0.6670237390934985,1,1,0.8335118695467443,"Similarity score and prediction support same place, address components mostly match, and phone numbers are likely equal.",1,1
1.0,180 river road,lisbon,court,06351,US,8603763254.0,180 river road,lisbon,court,06351,US,8603768403.0,0.7059103787696117,1,0,0.7059103787696117,Matching address but different phone numbers,0,1
0.0,1 medical center boulevard 9th floor,winston salem,nc,27157,US,3367164101.0,1 medical center boulevard,winston salem,nc,27157,US,3367164101.0,0.963639607356556,1,1,0.981819803678278,Matching phone number and similar address components confirm same place,0,0
1.0,301 northwest 82nd avenue,plantation,floor,333241811,US,9546938600.0,301 north west 82nd avenue,plantation,floor,33324,US,9546938600.0,0.8961038961038962,1,1,0.8961038961038962,Matching phone number and similar address components confirm same place.,1,1
0.0,250 vesey street 203,new york,ny,10281,US,6466185392.0,200 liberty street wfc world financial c enter,new york,ny,10281,US,2125879512.0,0.693249949415684,1,0,0.693249949415684,"Address components do not match, specifically street number and name differ.",1,0
1.0,4120 west wall street,midland,tx,79703,US,4326531797.0,4120 west wall street,midland,tx,79703,US,4326992352.0,0.85,1,1,0.925,Address components match and phone numbers are similar but not identical.,1,1
0.0,,,,,TR,,112 sok gul ismerkezi kat 1,,,34760,TR,2125823281.0,0.1258919064171588,0,0,0.1258919064171588,"Country matches but address, city, and phone differ.",1,1
0.0,601 north elm street 8th floor,high point,nc,27262,US,3368786888.0,404 west westwood avenue suite 201,high point,nc,27262,US,3367166673.0,0.3964060198568837,0,0,0.3964060198568837,"Addresses do not match, specifically street and number differ.",1,1
0.0,524 beaumont road,fayetteville,nc,28304,US,9106154845.0,1219 walter reed road,fayetteville,nc,28304,US,9106153350.0,0.4847203486885675,0,0,0.4847203486885675,Different street numbers and addresses,1,1
1.0,38232 5th avenue,zephyrhills,floor,33542,US,8134525382.0,38232 5th avenue,zephyrhills,floor,33542,US,3523530299.0,0.8374544971300925,1,1,0.8374544971300925,Address components match and phone numbers are likely equal (considering possible formatting differences),1,1
1.0,309 engle street,englewood,nj,076311822,US,2015697737.0,309 engle street 726,englewood,nj,07631,US,2015697737.0,1.0,1,1,0.9,"Matching address, city, region, postcode, country, and phone number indicate same place.",1,1
1.0,7430 natural bridge road,street louis,mo,63121,US,3143891616.0,7430 natural bridge road,normandy,mo,63121,US,3143835400.0,0.7490566037735849,1,0,0.7490566037735849,"Cities differ, indicating different places.",0,1
1.0,2604 north main street,belton,tx,76513,US,2549397664.0,2604 north main street,belton,tx,76513,US,2549331766.0,0.75,1,1,0.875,Address components match and phone numbers are similar but not identical.,1,1
1.0,444 wiley parker road,jackson,tn,38305,US,7316646464.0,444 wiley parker road,jackson,tn,38305,US,7316646464.0,0.9829296588341728,1,1,0.9829296588341728,All address components and phone number match.,1,1
0.0,Chang Xing Si 5 17 1,toyota,23,4710879,JP,81565359716.0,Ai Zhi Xian Li Tian Shi Chang Xing Si 5Ding Mu 17 1,Li Tian Shi,,4710879,JP,81565350119.0,0.5906778405428351,0,0,0.5906778405428351,"Cities differ, indicating different places",1,1
0.0,,onteniente,,,ES,34681683761.0,placa de la concepcio 27,ontinyent,,46870,ES,34962912892.0,0.4100229296208125,0,0,0.2,"City and country match, but address and phone differ",1,1
1.0,108 fm 1821,mineral wells,tx,76067,US,9403256961.0,108 fm 1821,mineral wells,tx,76067,US,9403256961.0,1.0,1,1,1.0,All address components and phone number match,1,1
0.0,33 east genesee street,skaneateles,ny,13152,US,8007242440.0,33 east genesee street,skaneateles,ny,13152,US,3155542220.0,0.72339216014613,1,1,0.72339216014613,All address components match and phone numbers are equal,0,0
1.0,3520 singing hills boulevard,sioux city,ia,51106,US,7122947400.0,3520 singing hills boulevard,sioux city,ia,51106,US,7122947400.0,1.0,1,1,1.0,All address components and phone number match.,1,1
1.0,40119 murrieta hot springs road,murrieta,ca,925636302,US,9515212434.0,40119 murrieta hot springs road,murrieta,ca,92563,US,9515212434.0,0.85,1,1,0.925,"Matching address, city, region, country, and phone number with minor postcode variation",1,1
0.0,rua jacarezinho 800,ivaipora,pr,86870000,BR,554334723263.0,avenida castelo branco 810,ivaipora,pr,86870000,BR,554334722169.0,0.6034551923481855,0,0,0.3017275961740927,Different street names and phone numbers,1,1
1.0,10300 york road,cockeysville,md,21030,US,4107739357.0,10300 york road,cockeysville,md,21030,US,4107739357.0,0.7999999999999999,1,1,0.7999999999999999,All address components and phone number match.,1,1
1.0,habichtstrasse 62,hamburg,,22305,DE,49402351590.0,habichtstr 62 64,hamburg,hamburg,22305,DE,402351590.0,0.67,1,1,0.835,"Similarity score and prediction match, address components mostly match, and phone numbers are equal.",1,1
1.0,305 cedar lane,fort oglethorpe,ga,307423361,US,4233219573.0,305 south cedar lane,fort oglethorpe,ga,30742,US,4233219573.0,0.9,1,1,0.95,"Matching phone number and similar address with minor variation in street name; city, region, and country match.",1,1
1.0,1116 louisiana avenue,new orleans,la,70115,US,8007425877.0,1116 louisiana avenue,new orleans,la,70115,US,8007425877.0,1.0,1,1,1.0,All address components and phone number match,1,1
1.0,1 higher shaftesbury road,blandford forum,eng,DT118ST,GB,443330323100.0,unit 5a sunrise business park higher shaftesbury road,blandford forum,,DT118ST,GB,1258459367.0,0.6352551020408163,1,0,0.6352551020408163,Addresses partially match but phone numbers differ,0,1
0.0,55 river drive south,jersey city,nj,073101712,US,8774082349.0,35 river drive south,jersey city,nj,07310,US,8443886915.0,0.5297091540170976,0,0,0.5297091540170976,"Similarity score and prediction indicate uncertainty, address components do not fully match",1,1
1.0,120 lafayette road,hampton falls,nh,03844,US,6039674267.0,120 lafayette road,hampton falls,nh,03844,US,6039265500.0,0.7813648211850814,1,0,0.7813648211850814,Address components match but phone numbers differ,0,1
0.0,rua floriano peixoto 320,blumenau,sc,89010506,BR,554733227024.0,rua angelo dias 57,blumenau,sc,89010020,BR,554733267500.0,0.408584617219997,0,0,0.408584617219997,Different street numbers and names,1,1
1.0,17330 state route 247,seaman,oh,456799417,US,9378923037.0,17330 state route 247,seaman,oh,45679,US,9378923037.0,1.0,1,1,1.0,All address components and phone number match,1,1
1.0,bath road,newbury,,RG141QT,GB,163534568.0,bath road,newbury,,RG141QT,GB,163534568.0,0.92,1,1,0.92,All address components and phone number match.,1,1
0.0,alparslan caddesi 30,kucukcekmece,,34290,TR,905466120151.0,,,,,TR,,0.1336723724004336,0,0,0.1336723724004336,Insufficient matching address components and no phone number match,1,1
1.0,1766 palo verde avenue,east palo alto,ca,96303,US,4089844462.0,1766 palo verde avenue,east palo alto,ca,96303,US,4089844462.0,0.9241512268515352,1,1,0.9241512268515352,Exact match of address components and phone number,1,1
1.0,601 south main street,grapevine,tx,760515382,US,8174165577.0,601 south main street suite 100,grapevine,tx,76051,US,8174165577.0,0.6975,1,1,0.85,Matching phone number and similar address components confirm same place.,1,1
0.0,105 brighton landing drive,grovetown,ga,308130229,US,7063502111.0,7025 hummingbird drive,grovetown,ga,308130748,US,7065743111.0,0.3939879664279841,0,0,0.3939879664279841,Address components do not match,1,1
0.0,spitalgasse 9,kulmbach,bayern,95326,DE,6991010000.0,albert ruckdeschel strasse 16,kulmbach,,95326,DE,4918023333.0,0.3647994117138183,0,0,0.5,Different street addresses and phone numbers.,1,1
1.0,494 big bay point road,barrie,on,L4N3Z5,CA,7057251501.0,unit 4 494 big bay point road barrie,barrie,on,L4N3Z5,CA,7057251501.0,0.916186869049614,1,1,0.958093434524807,"Matching address, city, postcode, country, and phone number confirm same place.",1,1
1.0,1583 highway 10 west,detroit lakes,mn,56501,US,2188477244.0,1583 highway 10 west,detroit lakes,mn,56501,US,2188471126.0,0.7059103787696117,1,0,0.7059103787696117,Address components match but phone numbers differ.,0,1
0.0,3 walnut street suite 102,lemoyne,pa,17043,US,7172327593.0,3 walnut street suite 100,lemoyne,pa,17043,US,7179880234.0,0.6880924412558714,1,0,0.6880924412558714,Similar records but address and phone differences indicate different places,1,0
0.0,9591 laguna springs drive,elk grove,ca,95758,US,9166912793.0,9591 laguna springs drive,elk grove,ca,95758,US,7072086988.0,0.817829083223053,1,0,0.817829083223053,"Phone numbers do not match, overriding high similarity score and prediction.",1,0
1.0,1766 palo verde avenue,east palo alto,ca,96303,US,4089844462.0,1766 palo verde avenue,east palo alto,ca,96303,US,4089844462.0,0.9,1,1,1.0,All address components and phone number match exactly.,1,1
0.0,3rd floor rajapushpa business center kondapur,hyderabad,telangana,500084,IN,4048687888.0,3rd floor rajapushpa business center kondapur,hyderabad,telangana,500084,IN,6194420600.0,0.7458650793650794,1,0,0.7458650793650794,"Phone numbers do not match, despite identical address components.",1,0
